No,Designator,Comment,Value,Footprint,Qty,Mfr Part,LCSC,Note
1,"C1,C2",电解电容,470uF/25V,CAP-TH_BD6.3-P2.5,2,GR1C471M0611,C2873966,V1.1验证
2,"C3,C4,C10-C15",去耦电容,100nF,C0805,10,FCC0805B104K500DT,C5137467,V1.1验证
3,"C5,C6",电容,10uF,C0805,2,CGA0805X5R106K250MT,C6119887,V1.1验证
4,C7,钽电容,22uF/10V,CASE-A_3216,1,TAJA226K010RNJ,C11366,V1.1验证
5,"R1,R2",分压,10k,R0805,2,FRC0805J103TS,C2930231,V1.1验证
6,R3,分压,2k,R0805,1,FRC0805J202 TS,C2907315,V1.1验证
7,"R4,R5",I2C上拉,4.7k,R0805,2,,,搜: 4.7k 0805
8,"R6,R7",0欧,0R,R0805,2,0805W8F0000T5E,C17477,V1.1验证
9,LED1-LED4,指示灯,红,LED0805-RD,4,XL-2012SURC,C965812,V1.1验证
10,F1,自恢复保险,5A,R0805,1,SMD0805-100-12,C46640991,V1.1验证
11,SW1,按键,5.8轻触,SW-TH_5.8ZSGT,1,5.8 ZSGT,C2681587,V1.1验证
12,D1,TVS,SMBJ5.0A,SMB,1,SMBJ5.0A,C5331094,V1.1验证
13,J_BAT,电池输入,KF128-2P/XT30,-,1,,,搜: KF128 5.08 2P
14,J_MOTOR,电机I2C,4P XH2.54,CONN-TH_XH2.54-4P,1,,,搜: XH2.54 4P
15,J_SERVO,舵机,3P XH2.54,CONN-TH_XH2.54-3P,1,,,搜: XH2.54 3P
16,J_AS5600,AS5600模块,4P XH1.25,CONN-TH_1.25-4P,1,,,搜: GH1.25 4P
17,J_IMU,MPU6050模块,4P XH2.54,CONN-TH_XH2.54-4P,1,,,搜: XH2.54 4P
18,J_UPC,上位机UART,4P XH2.54,CONN-TH_XH2.54-4P,1,,,搜: XH2.54 4P
19,J_SPK,喇叭,2P XH2.54,CONN-TH_XH2.54-2P,1,SH-XH2.54-2PWZ,C42372642,V1.1验证
20,"J_5V1,J_5V2",5V输出,2P XH2.54,CONN-TH_XH2.54-2P,2,SH-XH2.54-2PWZ,C42372642,V1.1验证
21,J_ESTOP,急停,2P XH2.54,CONN-TH_XH2.54-2P,1,SH-XH2.54-2PWZ,C42372642,V1.1验证
22,J_DBG,调试串口,1x4P排针,HDR-TH_4P-P2.54,1,HC-PM254-5.0H-1x4PZ-02A,C42163122,V1.1验证
23,U_MAIN,主控排母,2x 1x24P,HDR-TH_24P-P2.54-F,2,,,搜: 2.54 1x24 母座
24,U_AUDIO,JQ8900座,2x 1x8P,HDR-TH_8P-P2.54-F,2,PM2.54-1X8PM-H85,C42431840,V1.1验证
25,U1,5V Buck 8A,MP2225,TSOT-23-8,1,,,搜: MP2225
26,U2,7.4V Buck 5A,模块,-,1,,,外购模块: 可调降压 5A
27,U3,3.3V LDO,AMS1117-3.3,SOT-223,1,,,搜: AMS1117-3.3
28,L1,Buck电感,4.7uH,IND-SMD_L7.3-W6.6,1,,,搜: 4.7uH 一体成型
29,D2,肖特基,SS34,SOD-123,1,,,搜: SS34
30,F2-F4,汽车保险丝座,Mini Blade,插件,3,,,搜: Mini Blade 保险丝座
31,U4,I2C电平转换,PCA9306,SOT-23-8,1,,,搜: PCA9306DCUR
33,TP1-TP12,测试点,1.5mm,焊盘,12,,,搜: 测试点 1.5mm
